{"cameraMode":{"drawMode":0,"name":"Shaded","section":"Shading Mode"},"sceneLighting":true,"audioPlay":false,"sceneViewState":{"showFog":true,"showMaterialUpdate":false,"showSkybox":true,"showFlares":true,"showImageEffects":true,"showParticleSystems":true},"in2DMode":false,"pivot":{"x":379.8384094238281,"y":102.79975891113281,"z":-123.99014282226563},"rotation":{"x":-0.21853415668010713,"y":0.06493238359689713,"z":-0.01457525696605444,"w":-0.9735574126243591},"size":393.568603515625,"orthographic":false}